<?xml version="1.0" encoding="UTF-8"?>
<project-private xmlns="http://www.netbeans.org/ns/project-private/1">
    <editor-bookmarks xmlns="http://www.netbeans.org/ns/editor-bookmarks/2" lastBookmarkId="0"/>
    <open-files xmlns="http://www.netbeans.org/ns/projectui-open-files/2">
        <group>
            <file>file:/C:/Users/Acer/Desktop/ProjetoCrudUsuarios_1/web/newTemplate2.xhtml</file>
            <file>file:/C:/Users/Acer/Desktop/ProjetoCrudUsuarios_1/web/newTemplateClient.xhtml</file>
            <file>file:/C:/Users/Acer/Desktop/ProjetoCrudUsuarios_1/web/admin/index.xhtml</file>
            <file>file:/C:/Users/Acer/Desktop/ProjetoCrudUsuarios_1/web/login.xhtml</file>
            <file>file:/C:/Users/Acer/Desktop/ProjetoCrudUsuarios_1/web/newTemplate.xhtml</file>
            <file>file:/C:/Users/Acer/Desktop/ProjetoCrudUsuarios_1/web/resources/css/cssLayout.css</file>
            <file>file:/C:/Users/Acer/Desktop/ProjetoCrudUsuarios_1/web/admin/formularioEdicao.xhtml</file>
            <file>file:/C:/Users/Acer/Desktop/ProjetoCrudUsuarios_1/src/java/UsuarioMB.java</file>
            <file>file:/C:/Users/Acer/Desktop/ProjetoCrudUsuarios_1/web/admin/formularioCadastro.xhtml</file>
            <file>file:/C:/Users/Acer/Desktop/ProjetoCrudUsuarios_1/web/usuario/index.xhtml</file>
            <file>file:/C:/Users/Acer/Desktop/ProjetoCrudUsuarios_1/web/newTemplate3.xhtml</file>
        </group>
    </open-files>
</project-private>
